/*=========================   administrador_do_site    =========================*/

INSERT INTO esquema_loja_online.administrador_do_site(
	id_administrador, nome_do_adiminitrador, senha_do_adiminitrador, status_administrador_logado)
	VALUES (1, 'Francisco', '12345', false);
INSERT INTO esquema_loja_online.administrador_do_site(
	id_administrador, nome_do_adiminitrador, senha_do_adiminitrador, status_administrador_logado)
	VALUES (2, 'Fernanda', '123@g#x', false);
INSERT INTO esquema_loja_online.administrador_do_site(
	id_administrador, nome_do_adiminitrador, senha_do_adiminitrador, status_administrador_logado)
	VALUES (3, 'Gabriel', '78&h;_', false);
INSERT INTO esquema_loja_online.administrador_do_site(
	id_administrador, nome_do_adiminitrador, senha_do_adiminitrador, status_administrador_logado)
	VALUES (4, 'Josefina', 'anifesoj', false);
INSERT INTO esquema_loja_online.administrador_do_site(
	id_administrador, nome_do_adiminitrador, senha_do_adiminitrador, status_administrador_logado)
	VALUES (5, 'Diego', 'jkL*$()', false);

/*==========================================================================*/

/*=========================   imagem_do_produto    =========================*/

INSERT INTO esquema_loja_online.imagem_do_produto(
	id_imagem, local_da_imagem)
	VALUES (1, 'https://drive.google.com/open?id=13VfCgiPriKRKLQGm9wFsQCk4TmqimgWy');
INSERT INTO esquema_loja_online.imagem_do_produto(
	id_imagem, local_da_imagem)
	VALUES (2, 'https://drive.google.com/open?id=1Jngqc5B7tUotJ2PwiqD1qlmcCvriSdjD');
INSERT INTO esquema_loja_online.imagem_do_produto(
	id_imagem, local_da_imagem)
	VALUES (3, 'https://drive.google.com/open?id=1JBdKwDJBVAcZWyY05UOW2n4LkV-ryOvq');
INSERT INTO esquema_loja_online.imagem_do_produto(
	id_imagem, local_da_imagem)
	VALUES (4, 'https://drive.google.com/open?id=1ANEX42j6tSBQVGslgc4CG0gZPE36ud1o');
INSERT INTO esquema_loja_online.imagem_do_produto(
	id_imagem, local_da_imagem)
	VALUES (5, 'https://drive.google.com/open?id=1OXE3z-zHWGd91r-Ln6tENeyvsDZzcqMZ');
INSERT INTO esquema_loja_online.imagem_do_produto(
	id_imagem, local_da_imagem)
	VALUES (6, 'https://drive.google.com/open?id=1LYr8HE4ELjajLxIqea4y0svMHDZdARVw');
INSERT INTO esquema_loja_online.imagem_do_produto(
	id_imagem, local_da_imagem)
	VALUES (7, 'https://drive.google.com/open?id=1SzQFewJS_NOrvwzh1G4hFgH1cDFDZWMG');
INSERT INTO esquema_loja_online.imagem_do_produto(
	id_imagem, local_da_imagem)
	VALUES (8, 'https://drive.google.com/open?id=1UN7-7ZGL_IcgUizxpvqtOjplAft71pIo');
INSERT INTO esquema_loja_online.imagem_do_produto(
	id_imagem, local_da_imagem)
	VALUES (9, 'https://drive.google.com/open?id=1tmioiVJMJjhBTWdNAiX4zXgYb5NhDUK9');
INSERT INTO esquema_loja_online.imagem_do_produto(
	id_imagem, local_da_imagem)
	VALUES (10, 'https://drive.google.com/open?id=17_ImMqPjdlTTL_mMcOJuT0A8L7ZH0vUX');
INSERT INTO esquema_loja_online.imagem_do_produto(
	id_imagem, local_da_imagem)
	VALUES (11, 'https://drive.google.com/open?id=1ydk2sYfifS1sr931F11SnLwYS6uUDBYs');
INSERT INTO esquema_loja_online.imagem_do_produto(
	id_imagem, local_da_imagem)
	VALUES (12, 'https://drive.google.com/open?id=1LoPP5DiwZJUShFlU66sjTA7c91dOA7WJ');
INSERT INTO esquema_loja_online.imagem_do_produto(
	id_imagem, local_da_imagem)
	VALUES (13, 'https://drive.google.com/open?id=14TcgpfEdzTpET7YXMC_h6hj6cg2dylYG');
INSERT INTO esquema_loja_online.imagem_do_produto(
	id_imagem, local_da_imagem)
	VALUES (14, 'https://drive.google.com/open?id=1rqCtnmWE87-bqysz4KF78DDsf8Lowbb-');
INSERT INTO esquema_loja_online.imagem_do_produto(
	id_imagem, local_da_imagem)
	VALUES (15, 'https://drive.google.com/open?id=1tV17uhG2qx9jKl4GFRqSFS7Dd3eCgFe5');
INSERT INTO esquema_loja_online.imagem_do_produto(
	id_imagem, local_da_imagem)
	VALUES (16, 'https://drive.google.com/open?id=1ycMTTQyI2LmMD_e8udH7d09XlOsuu1CB');
INSERT INTO esquema_loja_online.imagem_do_produto(
	id_imagem, local_da_imagem)
	VALUES (17, 'https://drive.google.com/open?id=1VFrHwZX_o1lQTO007xS13VGBoVsNyfwP');
INSERT INTO esquema_loja_online.imagem_do_produto(
	id_imagem, local_da_imagem)
	VALUES (18, 'https://drive.google.com/open?id=1BPHbAsEAaIypZAnp85lskzk-g2KUmVtL');
INSERT INTO esquema_loja_online.imagem_do_produto(
	id_imagem, local_da_imagem)
	VALUES (19, 'https://drive.google.com/open?id=1XfiPNzSdWKWmBBTf3lWjck7MpHxUv7az');
INSERT INTO esquema_loja_online.imagem_do_produto(
	id_imagem, local_da_imagem)
	VALUES (20, 'https://drive.google.com/open?id=19MkO2iQRp3Ot7N8uRveA38BcujkOJLGc');
INSERT INTO esquema_loja_online.imagem_do_produto(
	id_imagem, local_da_imagem)
	VALUES (21, 'https://drive.google.com/open?id=1fy_6mzCefQh4BHQRre_833Gg14lsi6rj');
INSERT INTO esquema_loja_online.imagem_do_produto(
	id_imagem, local_da_imagem)
	VALUES (22, 'https://drive.google.com/open?id=1XfkzSQZ_eWAgxBegqXE_WVddb8-ILsD3');
INSERT INTO esquema_loja_online.imagem_do_produto(
	id_imagem, local_da_imagem)
	VALUES (23, 'https://drive.google.com/open?id=16I_TqVNYLO_HDXJO5BcHmuyH3BLPg4D0');
INSERT INTO esquema_loja_online.imagem_do_produto(
	id_imagem, local_da_imagem)
	VALUES (24, 'https://drive.google.com/open?id=1it18RFEuz0dE6MQcikZrnqaRQvJOFBkw');
INSERT INTO esquema_loja_online.imagem_do_produto(
	id_imagem, local_da_imagem)
	VALUES (25, 'https://drive.google.com/open?id=1Uz4fLbQhQW3Wxyazu-uiv7AIvXS_uTyx');
INSERT INTO esquema_loja_online.imagem_do_produto(
	id_imagem, local_da_imagem)
	VALUES (26, 'https://drive.google.com/open?id=1tor-5RQliIaaViT8VsC7JuGOhatpULSe');
INSERT INTO esquema_loja_online.imagem_do_produto(
	id_imagem, local_da_imagem)
	VALUES (27, 'https://drive.google.com/open?id=1gwozUo8En3UEyZlAXiIIuPNaxdqZsyYn');
INSERT INTO esquema_loja_online.imagem_do_produto(
	id_imagem, local_da_imagem)
	VALUES (28, 'https://drive.google.com/open?id=1ZvfUMaN_TT8ccHji0SXAy54HvMR9BJOY');
INSERT INTO esquema_loja_online.imagem_do_produto(
	id_imagem, local_da_imagem)
	VALUES (29, 'https://drive.google.com/open?id=1aQ3RyIiW0CzRP5mVp3weq5MiDc0MLlbv');
INSERT INTO esquema_loja_online.imagem_do_produto(
	id_imagem, local_da_imagem)
	VALUES (30, 'https://drive.google.com/open?id=1oWzkcd91om4J_8GLMQCxjU_nyVFXms9R');
INSERT INTO esquema_loja_online.imagem_do_produto(
	id_imagem, local_da_imagem)
	VALUES (31, 'https://drive.google.com/open?id=1RV1n6z_Q_Cdh5JS1_tlU8CXxjZx4BjQP');
INSERT INTO esquema_loja_online.imagem_do_produto(
	id_imagem, local_da_imagem)
	VALUES (32, 'https://drive.google.com/open?id=1yfEnzoprCpFP3N1p6kQMCyJh6gqNcAOX');
INSERT INTO esquema_loja_online.imagem_do_produto(
	id_imagem, local_da_imagem)
	VALUES (33, 'https://drive.google.com/open?id=1KKGqpphUdXI0mnTTKGSOp-15mHVwkJWu');
INSERT INTO esquema_loja_online.imagem_do_produto(
	id_imagem, local_da_imagem)
	VALUES (34, 'https://drive.google.com/open?id=1oSwQFeiL5X2QYY4HfCLB3ruo3tXpR7mD');
INSERT INTO esquema_loja_online.imagem_do_produto(
	id_imagem, local_da_imagem)
	VALUES (35, 'https://drive.google.com/open?id=1gEi2_MeeF-dFwS_XcT-qvLnmYCHW68q6');
INSERT INTO esquema_loja_online.imagem_do_produto(
	id_imagem, local_da_imagem)
	VALUES (36, 'https://drive.google.com/open?id=1Ph7U7vlOB7tW7LYZKY24X-6Ag6HeD-M7');
INSERT INTO esquema_loja_online.imagem_do_produto(
	id_imagem, local_da_imagem)
	VALUES (37, 'https://drive.google.com/open?id=1fmFSHnkpXy6JKTIzhg7C3A8I3NyGCBfu');
INSERT INTO esquema_loja_online.imagem_do_produto(
	id_imagem, local_da_imagem)
	VALUES (38, 'https://drive.google.com/open?id=1RTx0egCW6pP6xXoQGa0GShLO8lVBehYB');
INSERT INTO esquema_loja_online.imagem_do_produto(
	id_imagem, local_da_imagem)
	VALUES (39, 'https://drive.google.com/open?id=1EOrXS0OIAhu01rBl-TuBoPjCtOkJTAMf');
INSERT INTO esquema_loja_online.imagem_do_produto(
	id_imagem, local_da_imagem)
	VALUES (40, 'https://drive.google.com/open?id=1uo_NC33QdbAlq9SASTgJV9VN5NuwmHUT');
INSERT INTO esquema_loja_online.imagem_do_produto(
	id_imagem, local_da_imagem)
	VALUES (41, 'https://drive.google.com/open?id=1y-nYs6_D5e72z3qg2_YzDkcEspgxkam4');
INSERT INTO esquema_loja_online.imagem_do_produto(
	id_imagem, local_da_imagem)
	VALUES (42, 'https://drive.google.com/open?id=1Vjq4nLZ8k1v034mYGwVfKomSViZjEfsz');
INSERT INTO esquema_loja_online.imagem_do_produto(
	id_imagem, local_da_imagem)
	VALUES (43, 'https://drive.google.com/open?id=1IFGAFn97oMNQV6P41feqwqrW3eFcdB2m');
INSERT INTO esquema_loja_online.imagem_do_produto(
	id_imagem, local_da_imagem)
	VALUES (44, 'https://drive.google.com/open?id=1Ao-L4deCtCrX47z2O66MTVuFjZQaAhLa');
INSERT INTO esquema_loja_online.imagem_do_produto(
	id_imagem, local_da_imagem)
	VALUES (45, 'https://drive.google.com/open?id=1XUpXvdN2M9e0twQRUFR7jakzILbZkRRN');
INSERT INTO esquema_loja_online.imagem_do_produto(
	id_imagem, local_da_imagem)
	VALUES (46, 'https://drive.google.com/open?id=1Buq5Bt8KO-TvCJflbFfrWDmjLXbSqKix');
INSERT INTO esquema_loja_online.imagem_do_produto(
	id_imagem, local_da_imagem)
	VALUES (47, 'https://drive.google.com/open?id=1HJVNbA8_4685nfYi_dc7Dy3Q7geCsXF_');
INSERT INTO esquema_loja_online.imagem_do_produto(
	id_imagem, local_da_imagem)
	VALUES (48, 'https://drive.google.com/open?id=1iQOUyLJPCANbIM9GbNP4Kn68N0qP4j3n');
INSERT INTO esquema_loja_online.imagem_do_produto(
	id_imagem, local_da_imagem)
	VALUES (49, 'https://drive.google.com/open?id=1SczRdg8oJJz_Zzdgh3EftOLwy-qide4T');
INSERT INTO esquema_loja_online.imagem_do_produto(
	id_imagem, local_da_imagem)
	VALUES (50, 'https://drive.google.com/open?id=1RdQdlJJqWJJgh0mr_nFvovt2J1xMOkiS');
INSERT INTO esquema_loja_online.imagem_do_produto(
	id_imagem, local_da_imagem)
	VALUES (51, 'https://drive.google.com/open?id=1W8nLGmDpJ8Ffjnf13pyypZeMzFBU2AA1');
INSERT INTO esquema_loja_online.imagem_do_produto(
	id_imagem, local_da_imagem)
	VALUES (52, 'https://drive.google.com/open?id=1xwZ6sFjXnkJ-ydL5BQXLUxzaKOo9dy3L');
INSERT INTO esquema_loja_online.imagem_do_produto(
	id_imagem, local_da_imagem)
	VALUES (53, 'https://drive.google.com/open?id=1jkudbAEkzHMIfA7VoLjwaK0uHPuW0HeA');
INSERT INTO esquema_loja_online.imagem_do_produto(
	id_imagem, local_da_imagem)
	VALUES (54, 'https://drive.google.com/open?id=1P5f9BqKEks-o5aZox5lx14orhN4Zq51P');

/*==========================================================================*/

/*=========================   produto    =========================*/

INSERT INTO esquema_loja_online.produto(
	id_produto, avaliacao, codigo_barra, curtiu, descricao, garantia, marca, nao_curtiu, nome_produto, quantidade_produto, valor_produto, imagem_do_produto_id_imagem)
	VALUES (1, 'O produto é bonito, a qualidade do som é boa e apenas a duração da bateria poderia ser melhor.
Marcelo-Limma', 088846285, '18', 'Usar os AirPods sempre foi uma experiência diferente de qualquer outro fone de ouvido sem fio.', 1, 'Apple', '3', 'AirPod', '350', 1299.00, 1);

INSERT INTO esquema_loja_online.produto(
	id_produto, avaliacao, codigo_barra, curtiu, descricao, garantia, marca, nao_curtiu, nome_produto, quantidade_produto, valor_produto, imagem_do_produto_id_imagem)
	VALUES (2, '', 789855200, '5', 'O smartphone Alcatel Pixi 4: processamento quad core de 1.3 GHz e um design extremamente confortável. Bonito, sistema operacional Android 6.0 marshmallow, resolução é a WVGA com 800 x 480 pixels. possui uma câmera traseira com 8MP e flash integrado.', 1, 'Alcatel', '0', 'Celular Alcatel Pixi 4 Lite 4034e Preto - 3g, Dual Chip, Tela 4", 8gb, Câmera 8mp E 5mp.', '280', 348.00, 2);

INSERT INTO esquema_loja_online.produto(
	id_produto, avaliacao, codigo_barra, curtiu, descricao, garantia, marca, nao_curtiu, nome_produto, quantidade_produto, valor_produto, imagem_do_produto_id_imagem)
	VALUES (3, '32 GB de armazenamento só serve para o sistema operacional. Não dá para guardar nada. Este computador é mais uma televisão para assistir youtube do que para trabalhar.', 132978705, '12', 'Positivo N3060 é a união perfeita entre a tela LED Full HD e a CPU, que proporciona mais facilidade e economia de espaço. Equipado com o que a de mais moderno, é uma excelente opção para trabalhar, navegar na internet e jogar jogos.', 2, 'Positivo', '3', 'Computador All In One Positivo UD3630 Intel Dual Core 4GB 32GB SSD LED 18.5" Branco - Windows 10', '95', 1349.99, 3);

INSERT INTO esquema_loja_online.produto(
	id_produto, avaliacao, codigo_barra, curtiu, descricao, garantia, marca, nao_curtiu, nome_produto, quantidade_produto, valor_produto, imagem_do_produto_id_imagem)
	VALUES (4, 'Ótimo produto.', 54290793, 1, 'Unique
Assim será a sua experiência com o nosso All in One Premium. Conheça os atributos dessa linha e confirme, ele é único!
Vamos começar pela experiência visual
Com uma tela Full Hd de 24" com 2ms.', 3, 'Unique', 0, 'Computador All In One 3green Unique Intel Core I3 4gb HD 1tb 24.5" Ajuste Rotação E Altura.', 130, 2479.00, 4);

INSERT INTO esquema_loja_online.produto(
	id_produto, avaliacao, codigo_barra, curtiu, descricao, garantia, marca, nao_curtiu, nome_produto, quantidade_produto, valor_produto, imagem_do_produto_id_imagem)
	VALUES (5, 'Produto maravilhoso! Chegou dentro do prazo! Superou minhas expectativas!!!!', 019019850, '5', 'GPS, alímetro, música, feito para nadar, app exercício, motivação inteligente, compartilhamento de atividade, app batimentos, app respirar, app de terceiros para saúde, app saúde no iPhone, chamdas e mensagens, siri, mostradores, notificaçoes e apps.', 1, 'Apple', '1', 'Apple Watch Series 3 GPS com Pulseira Esportiva Cinza e Preto - 38 mm.', '55', 1659.00, 5);

INSERT INTO esquema_loja_online.produto(
	id_produto, avaliacao, codigo_barra, curtiu, descricao, garantia, marca, nao_curtiu, nome_produto, quantidade_produto, valor_produto, imagem_do_produto_id_imagem)
	VALUES (6, '', 45001721, '0', 'Câmera 360º V1 Degree HD 16MP Wifi 0.96" - Branco', 1, 'FP Imports', '0', 'Câmera 360º V1 Degree HD 16mp Wifi 0.96" - Branco', '55', 437.86, 6);

INSERT INTO esquema_loja_online.produto(
	id_produto, avaliacao, codigo_barra, curtiu, descricao, garantia, marca, nao_curtiu, nome_produto, quantidade_produto, valor_produto, imagem_do_produto_id_imagem)
	VALUES (7, 'Muito legal essa câmera amei muito nem imaginei que essa câmera fizesse tudo que ela faz muito excelente', 35608909, '1', 'O Gear 360 evoluiu para lhe permitir gravar em 4K ou transmitir em vivo. 
Visão completa de 360 do mundo ao seu redor com Gear 360, os recursos de vídeo real de 4K lhe garante vídeos e imagens nítidos.', 1, 'Samsung', '0', 'Câmera Samsung Gear 360° SM-R210 Branco', '12', 998.20, 7);

INSERT INTO esquema_loja_online.produto(
	id_produto, avaliacao, codigo_barra, curtiu, descricao, garantia, marca, nao_curtiu, nome_produto, quantidade_produto, valor_produto, imagem_do_produto_id_imagem)
	VALUES (8, 'Não faz uma carga completa no meu aparelho de 3000mAh, absurdo pois diz ser 10000mAh.
Sthaycy
esta avaliação foi útil?
', 695220228, '3', '-Agite para começar a carregar.
-Usa bateria de polímero de lítio para torna-lo mais fino banco de potência.
-Compatível: tablet, MP3, MP4, PSP, GPS, dispositivo de jogos, câmera e muitos mais basta conectar com o cabo USB.
- Entrada: Micro USB/DC 5V/2ª', 1, 'Kavika LED', '1', 'Carregador Portátil Power Bank Pineng Pn-951 Slim 10000 mah', '25', 36.90, 8);

INSERT INTO esquema_loja_online.produto(
	id_produto, avaliacao, codigo_barra, curtiu, descricao, garantia, marca, nao_curtiu, nome_produto, quantidade_produto, valor_produto, imagem_do_produto_id_imagem)
	VALUES (9, 'Muito ruim, só esperou passar a garantia para quebrar de vez.', 13331803, '3', 'Painel 15.6 widescreen Led
Tamanho imagem visível 34,43cmx19,35cm
Resolução máxima 1366x768 60hz
Suporte de cores: maior que 26 milhões
Dot Pitch 0,252mm
Brilho 250cd/m2
Relação do contraste: 500:1
Tempo de resposta: 8ms', 1, 'World PC', '1', 'Computador Completo com Monitor LED 15.6" 3green Intel Dual Core 2.41ghz 4GB HD 500GB', '35', 1190.00, 9);

INSERT INTO esquema_loja_online.produto(
	id_produto, avaliacao, codigo_barra, curtiu, descricao, garantia, marca, nao_curtiu, nome_produto, quantidade_produto, valor_produto, imagem_do_produto_id_imagem)
	VALUES (10, 'FIZ A COMPRA CERTA , ERA EXATAMENTE O QUE EU TAVA PRECISANDO , ENTREGA RÁPIDA , ÓTIMO CUSTO... E ATE AGORA TUDO CERTO , QUER CONTINUE ASSIM !!', 46917582, '7', 'Monitor de Led com 19.5" Hd
Brilho: 200 cd
Tempo de resposta: 5 ms
Resolução máxima / recomendada: 1366 x 768 60 Hz (Hd)
Suporte de cores: Maior que 16 milhões
Conexão: Vga', 1, 'World PC', '0', 'Computador Com Monitor 19.5" Led Corpc Intel Core I3 6gb HD 500gb Wifi', '45', 1490.00, 10);

INSERT INTO esquema_loja_online.produto(
	id_produto, avaliacao, codigo_barra, curtiu, descricao, garantia, marca, nao_curtiu, nome_produto, quantidade_produto, valor_produto, imagem_do_produto_id_imagem)
	VALUES (11, 'Tem um som muito bom para seu preço e uso todos os dias da semana no trabalho para manter minha concentração. A bateria aguenta 3 dias no trabalho. MAS logo depois de 9 meses de uso diário, a haste dele bem no ponto de dobra quebrou de um lado.', 27953869, '0', 'Fones de Ouvido Bluetooth da Motorola Pulse Escape O Pulse Escape oferece desempenho de qualidade de estúdio e liberdade sem fio. Poderosos drivers de 40mm e isolamento de ruído fornecem excelente som.', 1, 'Japão Shop', '3', 'Fone de Ouvido Bluetooth Motorola Pulse Escape com Microfone e Controles Touch - Preto', '110', 179.80, 11);

INSERT INTO esquema_loja_online.produto(
	id_produto, avaliacao, codigo_barra, curtiu, descricao, garantia, marca, nao_curtiu, nome_produto, quantidade_produto, valor_produto, imagem_do_produto_id_imagem)
	VALUES (12, '', 120585883, '12', 'Com estes Fones de Ouvido , da Philips, você tem flexibilidade de ajustes que propiciam excelente encaixe e uso confortável para você na hora de viajar ou naqueles momentos de tranquilidade no trabalho.', 1, 'Philips', '0', 'Fone de Ouvido ONeill Philips - SHO3300ESCAP/00 Azul e Verde', '90', 159.99, 12);

INSERT INTO esquema_loja_online.produto(
	id_produto, avaliacao, codigo_barra, curtiu, descricao, garantia, marca, nao_curtiu, nome_produto, quantidade_produto, valor_produto, imagem_do_produto_id_imagem)
	VALUES (13, 'É um Sony, o que mais posso dizer... O fone é super confortável, produz uma excelente qualidade de som e é lindo!', 15736647, '7', 'Tecnologia Extra Bass que realça as frequências mais baixas para obter sons graves mais profundos Basta um toque: Ouça as suas musicas favoritas do celular rapidamente, basta tocar o seu smartphone NFC no headphone para iniciar a reprodução.', 1, 'Sony', '1', 'Headphone Sony MDR-XB650BT,Azul, Bluetooth e NFC Extra Bass,Reforço de Graves Fone de Ouvido', '115', 563.27, 13);

INSERT INTO esquema_loja_online.produto(
	id_produto, avaliacao, codigo_barra, curtiu, descricao, garantia, marca, nao_curtiu, nome_produto, quantidade_produto, valor_produto, imagem_do_produto_id_imagem)
	VALUES (14, 'Melhor do que esperava...................................', 125540588, '9', 'DVD (NTSC / PAL /-R / -RW /+R / +RW); Audio CD; CD-R / CD-RW; MPEG2; Xvid; Áudio; Dolby Digital; WMA; MP3 / ID3 Tag; MPEG ½ L2', 1, 'LG', '0', 'Home Theater DVD Upscalling Full HD LG LHD625 1000W 5.1 Canais Bluetooth USB Direct Recording', '50', 819.90, 14);

INSERT INTO esquema_loja_online.produto(
	id_produto, avaliacao, codigo_barra, curtiu, descricao, garantia, marca, nao_curtiu, nome_produto, quantidade_produto, valor_produto, imagem_do_produto_id_imagem)
	VALUES (15, 'Produto excelente sem palavras, muita qualidade, imagem de qualidade..', 30062322, '0', 'Conexão de áudio e vídeo digital em alta definição.Características do Produto:BluetoothCanais de Áudio: 5.1Potência(Rms): 550WInformações Adicionais:Consumo: 0,12 kWhReproduz Cd | Cd-R/Rw | Vcd | MP3 | Jpeg; Saída de áudio coaxialDisplay digitalFunções.', 1, 'Philco', '0', 'Home Theater PHT700BT Função Karaokê 550W Rms - Philco Bivolt', '60', 599.00, 15);

INSERT INTO esquema_loja_online.produto(
	id_produto, avaliacao, codigo_barra, curtiu, descricao, garantia, marca, nao_curtiu, nome_produto, quantidade_produto, valor_produto, imagem_do_produto_id_imagem)
	VALUES (16, 'Atende minhas necessidades, boa memoria, bom processador, boa bateria.', 133682501, '3', 'Smartphone LG K11+ 32GB Dual Chip Android 7.0 Tela 5.3" Octa Core 1.5 Ghz 4G Câmera 13MP - Azul', 1, 'LG', '1', 'Smartphone LG K11+ 32GB Dual Chip Android 7.0 Tela 5.3" Octa Core 1.5 Ghz 4G Câmera 13MP - Azul', '315', 799.00, 16);

INSERT INTO esquema_loja_online.produto(
	id_produto, avaliacao, codigo_barra, curtiu, descricao, garantia, marca, nao_curtiu, nome_produto, quantidade_produto, valor_produto, imagem_do_produto_id_imagem)
	VALUES (17, 'Otimo aparelho muito potenteeeeeee a entrega 5 dias apos a compra. Pode comprar sem medo muito bommmmmmmmmmm', 132458304, '13', 'O novo Mini System LG X Boom CJ44 têm 440W de potência e design inspirado em uma mesa de DJ para deixar sua casa parecendo uma festa. O produto também é perfeito para ouvir as músicas do seu Smartphone.', 1, 'LG', '0', 'Mini System LG Cj44 Xboom - 440w', '70', 699.99, 17);

INSERT INTO esquema_loja_online.produto(
	id_produto, avaliacao, codigo_barra, curtiu, descricao, garantia, marca, nao_curtiu, nome_produto, quantidade_produto, valor_produto, imagem_do_produto_id_imagem)
	VALUES (18, 'Ótima qualidade, ótimo preço, chegou certinho, na data marcada', 134186306, '4', 'Smartphone Motorola Moto G7 Plus 64GB Dual Chip Android Pie - 9.0 Tela 6.3" 1.8 GHz Octa-Core 4G Câmera 16MP F1.7 + 5MP F1.9 (Dual Cam) - Rubi', 2, 'Motorola', '3', 'Smartphone Motorola Moto G7 Plus 64GB Dual Chip Android Pie - 9.0 Tela 6.3" 1.8 GHz Octa-Core 4G Câmera 16MP F1.7 + 5MP F1.9 (Dual Cam) - Rubi', '390', 1899.00, 18);

INSERT INTO esquema_loja_online.produto(
	id_produto, avaliacao, codigo_barra, curtiu, descricao, garantia, marca, nao_curtiu, nome_produto, quantidade_produto, valor_produto, imagem_do_produto_id_imagem)
	VALUES (19, 'É bonito, porém travou muito desde o primeiro dia. O valor não faz jus ao computador.', 52520918, '5', '1 porta USB 3.1, 1 porta USB 3.1 com Power Share, 1 porta USB 2.0, 1 porta HDMI 1.4b, 1 porta combinada para fones de ouvido e microfone | Leitor de cartão de mídia: 3 em 1 (SD, SDHC e SDXC)', 1, 'Dell', '1', 'Notebook 2 Em 1 Dell Inspiron I14-5481-m10 8ª Geração Intel Core I3 4gb 1tb Led 14" HD Touch Bivolt', '215', 2759.00, 19);

INSERT INTO esquema_loja_online.produto(
	id_produto, avaliacao, codigo_barra, curtiu, descricao, garantia, marca, nao_curtiu, nome_produto, quantidade_produto, valor_produto, imagem_do_produto_id_imagem)
	VALUES (20, 'Notebook bom que cumpre o proposto. Processador i3 8°geração, porém não vem com o pacote do Office.', 134187915, '15', 'Estude sem barreiras, edite fotos e vídeos que inspiram, crie textos e apresentações poderosas e otimize todo tipo de processo. Tudo isso muito mais rápido com o processador Intel Core i3-8130U de 8ª geração e a memória de 4GB tipo DDR4.', 1, 'Acer', '0', 'Notebook A315-53-34Y4 8ª Intel Core i3 4GB 1TB LED HD 15.6" W10 Preto - Acer', '235', 1999.99, 20);

INSERT INTO esquema_loja_online.produto(
	id_produto, avaliacao, codigo_barra, curtiu, descricao, garantia, marca, nao_curtiu, nome_produto, quantidade_produto, valor_produto, imagem_do_produto_id_imagem)
	VALUES (21, 'Comprei um e parou de funcionar ligo para o suporte Dell e nada e resolvido.', 31794967, '6', '1 HDMI 1.4b, 2 Portas USB 3.1 de 1ª Geração, 1 Porta USB 2.0, Conector de rede, 1 entrada combinada para fone de ouvido/microfone, 1 slot de segurança Noble, 1 leitor de cartão SD (SD, SDHC, SDXC)', 1, 'Dell', '0', 'Notebook Dell Inspiron i15-5570-M11C 8ª geração Intel Core i5 8GB 1TB 15.6" HD Windows 10', '205', 3578.00, 21);


INSERT INTO esquema_loja_online.produto(
	id_produto, avaliacao, codigo_barra, curtiu, descricao, garantia, marca, nao_curtiu, nome_produto, quantidade_produto, valor_produto, imagem_do_produto_id_imagem)
	VALUES (22, 'Comprei este Dell pois me falaram que era muito bom, as americanas estão de parabéns pela entrega muito rápido, porém o produto está com problemas a tela aparece para iniciar e depois fica todo escuro e não liga, muito decepcionado.', 133276588, '1', 'Notebook Dell Inspiron i15-3567-A30C Intel Core 7ª i5 4GB 1TB Tela LED 15,6" Windows 10 - Cinza', 1, 'Dell', '1', 'Notebook Dell Inspiron i15-3567-A30C Intel Core 7ª i5 4GB 1TB Tela LED 15,6" Windows 10 - Cinza', '175', 2698.99, 22);


INSERT INTO esquema_loja_online.produto(
	id_produto, avaliacao, codigo_barra, curtiu, descricao, garantia, marca, nao_curtiu, nome_produto, quantidade_produto, valor_produto, imagem_do_produto_id_imagem)
	VALUES (23, 'Achei bom o produto: prós: bem fino, leve e bastante rápido. Contras: só vem 02 entradas usb e não tem drive para cd / dvd', 133775934, '0', 'Processador Intel Core i5-8250U, tela de 15,6", Windows 10, 1TB, leitor de Cartões 4 em 1 (SD, SDHC, SDXC, MMC), conexão HDMI, ele possui desempenho profissional, e seu sistema é otimizado para maior velocidade e eficiência.', 1, 'Lenovo', '0', 'Notebook Ideapad 330 Intel Core I5-8250u 8GB 1TB HD 15.6" W10 Prata - Lenovo', '175', 2599.99, 23);

INSERT INTO esquema_loja_online.produto(
	id_produto, avaliacao, codigo_barra, curtiu, descricao, garantia, marca, nao_curtiu, nome_produto, quantidade_produto, valor_produto, imagem_do_produto_id_imagem)
	VALUES (24, 'Entregue no prazo , máquina muito boa, rápida, mouse sensível e design bem inovador, processador rápido ! Gostei muito', 133621767, '0', 'Notebook Samsung Expert X30 intel Core 8ª i5 Quad Core 8GB 1TB Tela LED HD 15,6" Windows 10 - Branco Ônix', 1, 'Samsung', '1', 'Notebook Samsung Expert X30 intel Core 8ª i5 Quad Core 8GB 1TB Tela LED HD 15,6" Windows 10 - Branco Ônix', '100', 3599.92, 24);

INSERT INTO esquema_loja_online.produto(
	id_produto, avaliacao, codigo_barra, curtiu, descricao, garantia, marca, nao_curtiu, nome_produto, quantidade_produto, valor_produto, imagem_do_produto_id_imagem)
	VALUES (25, 'O produto é simples, deve ser encarado como utilitário, e não vai ser algo surpreendente, mas é um bom entretenimento. Achei o preço é acima do justo, pelo que ele entrega, mas ainda vale a pena para diversificar a utilidade do celular.', 132530759, '0', 'Dispositivo para projeção de imagens de realidade virtual em 3D. Controle incluso que permite melhor experiência de game, melhor controle e interação das atividades.', 0, 'Samsung', '0', 'Óculos 3D Gear VR + Controle - Samsung', '210', 499.00, 25);

INSERT INTO esquema_loja_online.produto(
	id_produto, avaliacao, codigo_barra, curtiu, descricao, garantia, marca, nao_curtiu, nome_produto, quantidade_produto, valor_produto, imagem_do_produto_id_imagem)
	VALUES (26, 'Comprei prós meus filhos e eles gostaram muito. O produto cumpre o que promete', 39970929, '10', 'Itens Inclusos: 
1 X jogo caixa 3d vr realidade virtual óculos 
1 X manual do usuário 
1 X controlador remoto bluetooth (aanto para ios e android)', 1, 'Olist', '0', 'Oculos Vr Box Realidade Virtual 3d + Controle bluetooth', '65', 38.70, 26);

INSERT INTO esquema_loja_online.produto(
	id_produto, avaliacao, codigo_barra, curtiu, descricao, garantia, marca, nao_curtiu, nome_produto, quantidade_produto, valor_produto, imagem_do_produto_id_imagem)
	VALUES (27, '', 40742220, '6', 'Óculos de realidade virtual 3D
Android 4.4
Wi-Fi
Resolução: 1280/720
Tamanho da tela 5.5
Tela nítida IPS display
Frequência: 1.2 GHz
Memória ram: 1 GB
Memória interna: 8 GB
Suporte toque (opcional)
Bluetooth Suporte 4.0
distância focal 52 mm lente
', 1, 'LAOL Comercio Digital', '1', 'Óculos Vr 3d Realidade Virtual / Mvr-8118 / 720p', '50', 149.00, 27);

INSERT INTO esquema_loja_online.produto(
	id_produto, avaliacao, codigo_barra, curtiu, descricao, garantia, marca, nao_curtiu, nome_produto, quantidade_produto, valor_produto, imagem_do_produto_id_imagem)
	VALUES (28, '', 51713001, '20', 'Pansonite Vr Headset with Remote Controller, 3d Glasses Virtual Reality Headset for Vr Games & 3D Movies, Eye Care System for iPhone and Android Smartphones.Cor: Sb-pretoVersão mais recente do Vr - Após dois anos de pesquisa, desenvolvimento e ajuste.', 3, 'Ecletiq', '0', 'Pansonite Vr Reality', '30', 776.44, 28);

INSERT INTO esquema_loja_online.produto(
	id_produto, avaliacao, codigo_barra, curtiu, descricao, garantia, marca, nao_curtiu, nome_produto, quantidade_produto, valor_produto, imagem_do_produto_id_imagem)
	VALUES (29, 'PC Gamer Acer Aspire GX-783-BR13, excelente produto e ótimo desempenho.', 133299704, '0', 'PC Gamer Acer Aspire GX-783-BR13 Intel Core i7 16GB (GeForce GTX 1060 com 6GB) 1TB Windows 10 - Preto', 1, 'Acer', '0', 'PC Gamer Acer Aspire GX-783-BR13 Intel Core i7 16GB (GeForce GTX 1060 com 6GB) 1TB Windows 10 - Preto', '50', 4918.99, 29);

INSERT INTO esquema_loja_online.produto(
	id_produto, avaliacao, codigo_barra, curtiu, descricao, garantia, marca, nao_curtiu, nome_produto, quantidade_produto, valor_produto, imagem_do_produto_id_imagem)
	VALUES (30, '', 46289502, '3', 'Placa de video - GeForce GTX 1050TI 4Gb
Processador - Intel Core i5 3.1 6mb (Ou Superior)
Placa Mãe: Chipset Intel Express
Memoria Ram: 8GB
1 x PCIe x16
6 x USB 2.0
1 x HDMI
Realtek Gigabit LAN
Hd-1TB
Gravador de Dvd / Cd - Não Incluso
Full HD 1920x1080', 1, 'Smat Pc', '2', 'Pc Gamer Completo Smat Pc SMT81072 i5 8GB (Geforce GTX 1050TI 4GB) 1TB + Cadeira Gamer', '60', 3839.00, 30);

INSERT INTO esquema_loja_online.produto(
	id_produto, avaliacao, codigo_barra, curtiu, descricao, garantia, marca, nao_curtiu, nome_produto, quantidade_produto, valor_produto, imagem_do_produto_id_imagem)
	VALUES (31, 'A sintonia das estações são muito bem obtidas, tem um som muito bom, além de ter entrada USB. Se for levar em consideração seus atributos seu custo está barato. Recomendo.', 122423925, '5', 'O Rádio Portátil Toshiba Multibanda TR 849 é leve, fácil de carregar, possui alça para transporte e funciona com energia elétrica ou pilhas.
O Multibanda TR 849 conta com 8 faixas, conectar seu pendrive na entrada USB e ouvir suas músicas favoritas.
', 1, 'Semp Toshiba', '0', 'Rádio Portátil Toshiba Multibanda TR 849 Rádio AM/FM Entrada USB - Chumbo', '100', 155.00, 31);

INSERT INTO esquema_loja_online.produto(
	id_produto, avaliacao, codigo_barra, curtiu, descricao, garantia, marca, nao_curtiu, nome_produto, quantidade_produto, valor_produto, imagem_do_produto_id_imagem)
	VALUES (32, 'Recebi meu rádio e gostei muito..excelente qualidade de som e com vários opcionais...super recomendo', 48298377, '8', 'Rádio Am/fm Portátil Mp3 Usb Sd Controle Aux P2 - BX-667', 1, 'BRIWAX', '1', 'Rádio Am/fm Portátil Mp3 Usb Sd Controle Aux P2 - BX-667', '110', 58.90, 32);

INSERT INTO esquema_loja_online.produto(
	id_produto, avaliacao, codigo_barra, curtiu, descricao, garantia, marca, nao_curtiu, nome_produto, quantidade_produto, valor_produto, imagem_do_produto_id_imagem)
	VALUES (33, 'O produto não emparelha de jeito nenhum ....gostaria de saber comi faço pra cancelar ?????', 25391275, '3', 'Utiliza processador MTK6260A e com Bluetooth 3.0 para ligar-se com o seu Smartphone para ser utilizado como um marcador para que você possa fazer e receber chamadas, bem como proporcionar chamada e notificação de mensagem.', 1, 'Sem Marca', '0', 'Relógio Smartwatch A1 Original Touch Bluetooth Gear Chip', '50', 74.98, 33);

INSERT INTO esquema_loja_online.produto(
	id_produto, avaliacao, codigo_barra, curtiu, descricao, garantia, marca, nao_curtiu, nome_produto, quantidade_produto, valor_produto, imagem_do_produto_id_imagem)
	VALUES (34, 'Preço atrativo para quem procura um smartwatch com medição de pressão sanguínea com boa precisão, é ótimo. Não chama a atenção e possui todas as funções para prática esportiva e ainda marca horas. Já quem quer um que substitua o smatphone.', 31524306, '6', 'Bateria Capacidade: 70mAh 
Tempo carregando: Média 90 minutos carga completa **Tomada 5volts*** carregador celular 
Standby time: 3 a 5 dias
Material da Pulseira: Borracha conforme modelo
Compatível com : Android 4.4 e IOS 8.0 e acima 
H band ou H Band2.0', 1, 'BR4 Comercio', '1', 'Relógio Bluetooth Smartwatch Pressão Sanguínea, Batimentos Cardíacos H09s Cavo Preto/Cinza', '75', 355.91, 34);

INSERT INTO esquema_loja_online.produto(
	id_produto, avaliacao, codigo_barra, curtiu, descricao, garantia, marca, nao_curtiu, nome_produto, quantidade_produto, valor_produto, imagem_do_produto_id_imagem)
	VALUES (35, 'Comprei porem nao carrega a bateria veio com defeito de fabrica e ate agora estou esperando uma resposta do fornecedor nao recomendo a nonguem comprar edte produto', 33245513, '0', 'Itens Inclusos:
- 01 Relógio Smartwatch DZ09.
- 01 Mini Fone de ouvido bluetooh.
- 01 Cabo Usb para carregamento.
- 01 Manual.', 1, 'CLICKFULL', '0', 'Relógio Smartwatch DZ09 Inteligente Gear Chip Celular Touch + Mini Fone de Ouvido Bluetooth', '40', 99.40, 35);

INSERT INTO esquema_loja_online.produto(
	id_produto, avaliacao, codigo_barra, curtiu, descricao, garantia, marca, nao_curtiu, nome_produto, quantidade_produto, valor_produto, imagem_do_produto_id_imagem)
	VALUES (36, 'Produto excelente e a entrega ocorreu antes do prazo.', 132691106, '7', 'Samsung Gear Sport - Preto', 1, 'Samsung', '1', 'Samsung Gear Sport - Preto', '65', 1229.00, 36);

INSERT INTO esquema_loja_online.produto(
	id_produto, avaliacao, codigo_barra, curtiu, descricao, garantia, marca, nao_curtiu, nome_produto, quantidade_produto, valor_produto, imagem_do_produto_id_imagem)
	VALUES (37, 'É uma smartphone muito com design nem inovador com uma ótima qualidade para navegar no aparelho', 133731106, '2', 'Smartphone Samsung Galaxy J8 64GB Dual Chip Android 8.0 Tela 6" Octa-Core 1.8GHz 4G Câmera 16MP F1.7 + 5MP F1.9 (Dual Cam) - Preto', 1, 'Samsung', '0', 'Smartphone Samsung Galaxy J8 64GB Dual Chip Android 8.0 Tela 6" Octa-Core 1.8GHz 4G Câmera 16MP F1.7 + 5MP F1.9 (Dual Cam) - Preto', '60', 1249.00, 37);

INSERT INTO esquema_loja_online.produto(
	id_produto, avaliacao, codigo_barra, curtiu, descricao, garantia, marca, nao_curtiu, nome_produto, quantidade_produto, valor_produto, imagem_do_produto_id_imagem)
	VALUES (38, 'O aparelho em si é muito bom, só não gostei da qualidade do som do fone é muito agudo e não destaca bem os graves , o meu anterior era o S7 com fone da própria Samsung e a qualidade do grave é muito melhor.', 133274700, '9', 'Smartphone Samsung Galaxy S9 Dual Chip Android 8.0 Tela 5.8" Octa-Core 2.8GHz 128GB 4G Câmera 12MP - Preto', 1, 'Samsung', '0', 'Smartphone Samsung Galaxy S9 Dual Chip Android 8.0 Tela 5.8" Octa-Core 2.8GHz 128GB 4G Câmera 12MP - Preto', '1000', 2699.00, 38);

INSERT INTO esquema_loja_online.produto(
	id_produto, avaliacao, codigo_barra, curtiu, descricao, garantia, marca, nao_curtiu, nome_produto, quantidade_produto, valor_produto, imagem_do_produto_id_imagem)
	VALUES (39, 'Aparelho ótimo, super recomendo. Chegou em perfeito estado. Americanas como sempre pontual na entrega.', 134218128, '15', 'Smartphone Samsung Galaxy S10+ 128GB Dual Chip Android 9.0 Tela 6.4” Octa-Core 4G Câmera Tripla Traseira 12MP + 12MP + 16MP - Preto', 1, 'Samsung', '1', 'Smartphone Samsung Galaxy S10+ 128GB Dual Chip Android 9.0 Tela 6.4” Octa-Core 4G Câmera Tripla Traseira 12MP + 12MP + 16MP - Preto', '800', 5499.00, 39);

INSERT INTO esquema_loja_online.produto(
	id_produto, avaliacao, codigo_barra, curtiu, descricao, garantia, marca, nao_curtiu, nome_produto, quantidade_produto, valor_produto, imagem_do_produto_id_imagem)
	VALUES (40, 'O que eu não gostei nela e que não da pra ajusta a imagem', 134065707, '8', 'A Smart TV 50” 4K UHD AOC LE50U7970S transforma a sua sala em uma verdadeira central de entretenimento. Com um único clique, você assiste as suas séries e filmes prediletos com imagem e som digital nos principais serviços de vídeo disponíveis.', 1, 'AOC', '0', 'Smart TV 50'' AOC Le50u7970s Ultra HD 4k Uhd Conversor Digital 4 HDMI 2 USB Wi-Fi 60hz', '500', 2049.99, 40);

INSERT INTO esquema_loja_online.produto(
	id_produto, avaliacao, codigo_barra, curtiu, descricao, garantia, marca, nao_curtiu, nome_produto, quantidade_produto, valor_produto, imagem_do_produto_id_imagem)
	VALUES (41, 'Gostei muito do som e imagem ,outro detalhe que apreciei muito foi o app netflix facil de usar alem de ser mais moderno que o netflix no mod 49 android', 133403743, '1', 'imagem em Full HD, conexões HDMI e USB, conversor digital integrado, Wi-Fi integrado, som surround, aumentando a qualidade sonora,, ela é a escolha perfeita para transformar sua sala em um verdadeira sala de cinema. Tudo que você sempre quis em uma TV.', 1, 'Philco', '0', 'Smart TV LED 49" Philco PTV49e68dSWN Full HD com Conversor Digital 3 HDMI 1 USB Wi-Fi 60Hz - Preta', '650', 1629.00, 41);

INSERT INTO esquema_loja_online.produto(
	id_produto, avaliacao, codigo_barra, curtiu, descricao, garantia, marca, nao_curtiu, nome_produto, quantidade_produto, valor_produto, imagem_do_produto_id_imagem)
	VALUES (42, 'Produto muito bom, excelente imagem e audio. O efeito ambilight é show!', 133244842, '4', 'Smart TV LED Ambilight 55" Philips 55PUG6212/78 Ultra HD 4k com Conversor Digital 4 HDMI 2 USB Wi-Fi 60Hz - Preto', 2, 'Philips', '3', 'Smart TV LED Ambilight 55" Philips 55PUG6212/78 Ultra HD 4k com Conversor Digital 4 HDMI 2 USB Wi-Fi 60Hz - Preto', '400', 2711.26, 42);

INSERT INTO esquema_loja_online.produto(
	id_produto, avaliacao, codigo_barra, curtiu, descricao, garantia, marca, nao_curtiu, nome_produto, quantidade_produto, valor_produto, imagem_do_produto_id_imagem)
	VALUES (43, 'A tv é linda,moderna,li muitos comentários negativos e fiquei com um pouco de receio mas comprei assim mesmo,melhor investimento que fiz,super fininha muito linda. Comprem sem medo.', 134162700, '30', 'Smart TV LED 40" Samsung 40J5290 Full HD Com Conversor Digital 2 HDMI 1 USB Wi-Fi Screen Mirroring e Web Browser', 1, 'Samsung', '1', 'Smart TV LED 40" Samsung 40J5290 Full HD Com Conversor Digital 2 HDMI 1 USB Wi-Fi Screen Mirroring e Web Browser', '1000', 1399.99, 43);

INSERT INTO esquema_loja_online.produto(
	id_produto, avaliacao, codigo_barra, curtiu, descricao, garantia, marca, nao_curtiu, nome_produto, quantidade_produto, valor_produto, imagem_do_produto_id_imagem)
	VALUES (44, 'DEMORA MUITO CONECTAR A INTERNET,E NÃO RESPONDE AO COMANDO RAPIDO DO CONTROLE REMOTO.', 122701411, '0', 'Smart TV LED 32" Samsung 32J4300 HD com Conversor Digital 2 HDMI 1 USB Wi-Fi 120Hz', 1, 'Samsung', '1', 'Smart TV LED 32" Samsung 32J4300 HD com Conversor Digital 2 HDMI 1 USB Wi-Fi 120Hz', '300', 1169.00, 44);

INSERT INTO esquema_loja_online.produto(
	id_produto, avaliacao, codigo_barra, curtiu, descricao, garantia, marca, nao_curtiu, nome_produto, quantidade_produto, valor_produto, imagem_do_produto_id_imagem)
	VALUES (45, 'Com pouco mais de 3 meses a tv está com problema na entrada usb. Não consigo assistir um filme ou séries, pois a tv fica reiniciando o vídeo. Já tentei com várias marcas de pendrive e hd externo, mesmo assim o problema continua.', 131471558, '14', 'A TV LED 32" Toshiba 32L1600 é assim, ela vai te proporcionar maior nitidez, clareza e definição, para que você possa assistir e curtir ao máximo seus programas, filmes e series preferidos, imagem de última geração HD, conexões HDMI e USB.', 1, 'Toshiba', '1', 'TV LED 32" Toshiba 32L1600 HD com Conversor Digital 3 HDMI 1 USB 60Hz - Preta', '900', 879.00, 45);

INSERT INTO esquema_loja_online.produto(
	id_produto, avaliacao, codigo_barra, curtiu, descricao, garantia, marca, nao_curtiu, nome_produto, quantidade_produto, valor_produto, imagem_do_produto_id_imagem)
	VALUES (46, 'Produto de qualidade, funcionalidades muito úteis e tudo funcionando bem. No entanto, o anuncio do site da americanas não informa que o produto é importado, o que impede certas funcionalidades como o samsung pay.', 133823764, '10', 'Relógio Smartwatch Samsung Galaxy Watch Bt 46mm - Prata', 1, 'Samsung', '0', 'Relógio Smartwatch Samsung Galaxy Watch Bt 46mm - Prata', '50', 1505.00, 46);

INSERT INTO esquema_loja_online.produto(
	id_produto, avaliacao, codigo_barra, curtiu, descricao, garantia, marca, nao_curtiu, nome_produto, quantidade_produto, valor_produto, imagem_do_produto_id_imagem)
	VALUES (47, 'Estou gostando muito, sintoniza as estações muito bem, está funcionando perfeitamente.', 116236269, '0', 'O NBX-06 ainda conta com rádio Fm estéreo com entrada USB e entrada auxiliar, sintonia digital, MP3 Link, seis níveis de equalização e 3,4 W de potência RMS.', 1, 'Mondial', '3', 'Som Portátil Mondial com Entradas USB/Auxiliar, Rádio FM, Sintonia Digital - NBX-06', '180', 89.90, 47);

INSERT INTO esquema_loja_online.produto(
	id_produto, avaliacao, codigo_barra, curtiu, descricao, garantia, marca, nao_curtiu, nome_produto, quantidade_produto, valor_produto, imagem_do_produto_id_imagem)
	VALUES (48, 'O meu ja tem mais de um ano de uso,nunca travou não tenho nada pra reclamar,simplesmente encantada com a qualidade. E ja estou pensando em comprar outro aparelho do mesmo modelo! Rsrsrs Eu gostei muitooo!', 124566196, '5', 'Smartphone Sony Xperia Z5 Android 5.1 Tela 5.2" 32GB 4G Câmera 23MP - Preto', 1, 'Sony', '0', 'Smartphone Sony Xperia Z5 Android 5.1 Tela 5.2" 32GB 4G Câmera 23MP - Preto', '40', 1359.00, 48);

INSERT INTO esquema_loja_online.produto(
	id_produto, avaliacao, codigo_barra, curtiu, descricao, garantia, marca, nao_curtiu, nome_produto, quantidade_produto, valor_produto, imagem_do_produto_id_imagem)
	VALUES (49, 'ótimo para estudo e tarefas simples. Preço justo para sua proposta de uso', 125507139, '5', 'Notebook 2 em 1 M8W Intel Quad Core 1GB 16GB LED 8,9 W10 Preto - Multilaser', 1, 'Multilaser', '0', 'Notebook 2 em 1 M8W Intel Quad Core 1GB 16GB LED 8,9 W10 Preto - Multilaser', '200', 779.28, 49);

INSERT INTO esquema_loja_online.produto(
	id_produto, avaliacao, codigo_barra, curtiu, descricao, garantia, marca, nao_curtiu, nome_produto, quantidade_produto, valor_produto, imagem_do_produto_id_imagem)
	VALUES (50, 'Péssima qualidade descarrega muito rápido a minha filha assiste desenhos nele e ele dura umas três horas', 47740608, '0', 'Tela: Capacitiva 7 Multi-toque com até 5 pontos simultâneos (1024x600)
Processador: RK3126C Quad-Core - 1.2Ghz
Sistema Operacional: Android 7.1.2 - Nougat
Bluetooth: 2.0
Wifi: Integrado (802.11 b/g/n)
Memória: 1GB DDR3
Armazenamento: 8GB', 1, 'Philco', '1', 'Tablet Philco PTB7QRG, Android 7.1, 8GB - Rosa', '100', 289.00, 50);

INSERT INTO esquema_loja_online.produto(
	id_produto, avaliacao, codigo_barra, curtiu, descricao, garantia, marca, nao_curtiu, nome_produto, quantidade_produto, valor_produto, imagem_do_produto_id_imagem)
	VALUES (51, 'Gosto de fazer as avaliações depois de um bom tempo de uso, esse aparelho é ótimo, recomendo', 123068591, '11', 'Tablet Samsung Galaxy Tab E T561M 8GB Wi-Fi + 3G Tela 9.6" Android 4.4 Quad-Core - Branco', 1, 'Samsung', '0', 'Tablet Samsung Galaxy Tab E T561M 8GB Wi-Fi + 3G Tela 9.6" Android 4.4 Quad-Core - Branco', '400', 899.99, 51);

INSERT INTO esquema_loja_online.produto(
	id_produto, avaliacao, codigo_barra, curtiu, descricao, garantia, marca, nao_curtiu, nome_produto, quantidade_produto, valor_produto, imagem_do_produto_id_imagem)
	VALUES (52, 'Chegou aproximadamente 07 dias antes do prazo final. Ótimo relógio para o dia a dia, desde o trabalho à exercícios fisícos. Ótimo produto.', 132738883, '8', 'GPS, alímetro, música, feito para nadar, app exercício, motivação inteligente.', 1, 'Apple', '0', 'Apple Watch Series 3 GPS com Pulseira Esportiva Cinza e Preto - 42 mm', '500', 1697.00, 52);

INSERT INTO esquema_loja_online.produto(
	id_produto, avaliacao, codigo_barra, curtiu, descricao, garantia, marca, nao_curtiu, nome_produto, quantidade_produto, valor_produto, imagem_do_produto_id_imagem)
	VALUES (53, 'Indico pois é versátil e com preço acessível! Tem uma aparência bonita e é muito confortável no braço. Disponibiliza várias funções para treinos e acompanhamento físico!', 40473692, '12', 'Tela OLED de 0.78 "
Compatível com iOS 7.0 ou superior, ou Android 4.4 ou superior e Bluetooth: 4.2
Material: plástico e alumínio.
Acelerômetro de baixa potência e sensor cardíaco
Cabo de carregamento USB
Controle seu nível de atividade
', 1, 'XIAOMI', '3', 'Relógio Xiaomi Mi Band 3 SmartWatch para Android iOS - Preto', '100', 197.00, 53);

INSERT INTO esquema_loja_online.produto(
	id_produto, avaliacao, codigo_barra, curtiu, descricao, garantia, marca, nao_curtiu, nome_produto, quantidade_produto, valor_produto, imagem_do_produto_id_imagem)
	VALUES (54, '', 55829221, '8', 'Asus ZenFone 5Z 8GB/256GB Prata Tela: 6,2\" Fhd+ Câmera: Dual: 12MP + 8MP / 8 Mp Memória: 256 Gb / 8 Gb Conectividade: 4G - Câmera dupla com Inteligência Artificial; - Qualcomm® Snapdragon 845,Tela de 6,2 e proporção de 19:9.', 1, 'Zenfone', '2', 'Smartphone Asus Zenfone 5z 256gb 8gb Android 8.0 Tela 6,2" Snapdragon 2,8ghz 4g Câmera Dual 12mp+8mp Prata', '500', 3899.00, 54);


/*==========================================================================*/

/*=========================   liquidacao    =========================*/


INSERT INTO esquema_loja_online.liquidacoe(
	id_liquidacao)
	VALUES (1);
INSERT INTO esquema_loja_online.liquidacoe(
	id_liquidacao)
	VALUES (2);
INSERT INTO esquema_loja_online.liquidacoe(
	id_liquidacao)
	VALUES (3);
INSERT INTO esquema_loja_online.liquidacoe(
	id_liquidacao)
	VALUES (4);
INSERT INTO esquema_loja_online.liquidacoe(
	id_liquidacao)
	VALUES (5);
INSERT INTO esquema_loja_online.liquidacoe(
	id_liquidacao)
	VALUES (6);
INSERT INTO esquema_loja_online.liquidacoe(
	id_liquidacao)
	VALUES (7);
INSERT INTO esquema_loja_online.liquidacoe(
	id_liquidacao)
	VALUES (8);
INSERT INTO esquema_loja_online.liquidacoe(
	id_liquidacao)
	VALUES (9);
INSERT INTO esquema_loja_online.liquidacoe(
	id_liquidacao)
	VALUES (10);

/*==========================================================================*/

/*=========================   liquidacao_lista_de_produtos    =========================*/



INSERT INTO esquema_loja_online.liquidacoe_lista_de_produtos_em_liquidacao(
	liquidacao_id_liquidacao, lista_de_produtos_em_liquidacao_id_produto)
	VALUES (1, 7);
INSERT INTO esquema_loja_online.liquidacoe_lista_de_produtos_em_liquidacao(
	liquidacao_id_liquidacao, lista_de_produtos_em_liquidacao_id_produto)
	VALUES (2, 3);
INSERT INTO esquema_loja_online.liquidacoe_lista_de_produtos_em_liquidacao(
	liquidacao_id_liquidacao, lista_de_produtos_em_liquidacao_id_produto)
	VALUES (3, 1);
INSERT INTO esquema_loja_online.liquidacoe_lista_de_produtos_em_liquidacao(
	liquidacao_id_liquidacao, lista_de_produtos_em_liquidacao_id_produto)
	VALUES (4, 48);
INSERT INTO esquema_loja_online.liquidacoe_lista_de_produtos_em_liquidacao(
	liquidacao_id_liquidacao, lista_de_produtos_em_liquidacao_id_produto)
	VALUES (5, 54);
INSERT INTO esquema_loja_online.liquidacoe_lista_de_produtos_em_liquidacao(
	liquidacao_id_liquidacao, lista_de_produtos_em_liquidacao_id_produto)
	VALUES (6, 47);
INSERT INTO esquema_loja_online.liquidacoe_lista_de_produtos_em_liquidacao(
	liquidacao_id_liquidacao, lista_de_produtos_em_liquidacao_id_produto)
	VALUES (7, 12);
INSERT INTO esquema_loja_online.liquidacoe_lista_de_produtos_em_liquidacao(
	liquidacao_id_liquidacao, lista_de_produtos_em_liquidacao_id_produto)
	VALUES (8, 25);
INSERT INTO esquema_loja_online.liquidacoe_lista_de_produtos_em_liquidacao(
	liquidacao_id_liquidacao, lista_de_produtos_em_liquidacao_id_produto)
	VALUES (9, 31);
INSERT INTO esquema_loja_online.liquidacoe_lista_de_produtos_em_liquidacao(
	liquidacao_id_liquidacao, lista_de_produtos_em_liquidacao_id_produto)
	VALUES (10, 18);

/*==========================================================================*/

/*=========================   itens_vistos    =========================*/


INSERT INTO esquema_loja_online.itens_tambem_visto(
	id_itens)
	VALUES (1);
INSERT INTO esquema_loja_online.itens_tambem_visto(
	id_itens)
	VALUES (2);
INSERT INTO esquema_loja_online.itens_tambem_visto(
	id_itens)
	VALUES (3);
INSERT INTO esquema_loja_online.itens_tambem_visto(
	id_itens)
	VALUES (4);
INSERT INTO esquema_loja_online.itens_tambem_visto(
	id_itens)
	VALUES (5);
INSERT INTO esquema_loja_online.itens_tambem_visto(
	id_itens)
	VALUES (6);
INSERT INTO esquema_loja_online.itens_tambem_visto(
	id_itens)
	VALUES (7);
INSERT INTO esquema_loja_online.itens_tambem_visto(
	id_itens)
	VALUES (8);
INSERT INTO esquema_loja_online.itens_tambem_visto(
	id_itens)
	VALUES (9);
INSERT INTO esquema_loja_online.itens_tambem_visto(
	id_itens)
	VALUES (10);


/*==========================================================================*/

/*=========================   itens_vistos_lista_de_produtos    =========================*/


INSERT INTO esquema_loja_online.itens_tambem_visto_lista_de_itens_tambem_vistos(
	itens_tambem_visto_id_itens, lista_de_itens_tambem_vistos_id_produto)
	VALUES (1, 26);
INSERT INTO esquema_loja_online.itens_tambem_visto_lista_de_itens_tambem_vistos(
	itens_tambem_visto_id_itens, lista_de_itens_tambem_vistos_id_produto)
	VALUES (2, 38);
INSERT INTO esquema_loja_online.itens_tambem_visto_lista_de_itens_tambem_vistos(
	itens_tambem_visto_id_itens, lista_de_itens_tambem_vistos_id_produto)
	VALUES (3, 14);
INSERT INTO esquema_loja_online.itens_tambem_visto_lista_de_itens_tambem_vistos(
	itens_tambem_visto_id_itens, lista_de_itens_tambem_vistos_id_produto)
	VALUES (4, 19);
INSERT INTO esquema_loja_online.itens_tambem_visto_lista_de_itens_tambem_vistos(
	itens_tambem_visto_id_itens, lista_de_itens_tambem_vistos_id_produto)
	VALUES (5, 11);
INSERT INTO esquema_loja_online.itens_tambem_visto_lista_de_itens_tambem_vistos(
	itens_tambem_visto_id_itens, lista_de_itens_tambem_vistos_id_produto)
	VALUES (6, 17);
INSERT INTO esquema_loja_online.itens_tambem_visto_lista_de_itens_tambem_vistos(
	itens_tambem_visto_id_itens, lista_de_itens_tambem_vistos_id_produto)
	VALUES (7, 29);
INSERT INTO esquema_loja_online.itens_tambem_visto_lista_de_itens_tambem_vistos(
	itens_tambem_visto_id_itens, lista_de_itens_tambem_vistos_id_produto)
	VALUES (8, 52);
INSERT INTO esquema_loja_online.itens_tambem_visto_lista_de_itens_tambem_vistos(
	itens_tambem_visto_id_itens, lista_de_itens_tambem_vistos_id_produto)
	VALUES (9, 3);
INSERT INTO esquema_loja_online.itens_tambem_visto_lista_de_itens_tambem_vistos(
	itens_tambem_visto_id_itens, lista_de_itens_tambem_vistos_id_produto)
	VALUES (10, 44);

/*==========================================================================*/

/*=========================   estoque    =========================*/

INSERT INTO esquema_loja_online.estoque(
	id_estoque, itens_vistos_id_itens, liquidacao_id_liquidacao)
	VALUES (1, null, null);
INSERT INTO esquema_loja_online.estoque(
	id_estoque, itens_vistos_id_itens, liquidacao_id_liquidacao)
	VALUES (2, null, null);
INSERT INTO esquema_loja_online.estoque(
	id_estoque, itens_vistos_id_itens, liquidacao_id_liquidacao)
	VALUES (3, null, null);
INSERT INTO esquema_loja_online.estoque(
	id_estoque, itens_vistos_id_itens, liquidacao_id_liquidacao)
	VALUES (4, null, null);
INSERT INTO esquema_loja_online.estoque(
	id_estoque, itens_vistos_id_itens, liquidacao_id_liquidacao)
	VALUES (5, null, null);
INSERT INTO esquema_loja_online.estoque(
	id_estoque, itens_vistos_id_itens, liquidacao_id_liquidacao)
	VALUES (6, null, null);
INSERT INTO esquema_loja_online.estoque(
	id_estoque, itens_vistos_id_itens, liquidacao_id_liquidacao)
	VALUES (7, null, null);
INSERT INTO esquema_loja_online.estoque(
	id_estoque, itens_vistos_id_itens, liquidacao_id_liquidacao)
	VALUES (8, null, null);
INSERT INTO esquema_loja_online.estoque(
	id_estoque, itens_vistos_id_itens, liquidacao_id_liquidacao)
	VALUES (9, null, null);
INSERT INTO esquema_loja_online.estoque(
	id_estoque, itens_vistos_id_itens, liquidacao_id_liquidacao)
	VALUES (10, null, null);

INSERT INTO esquema_loja_online.estoque(
	id_estoque, itens_vistos_id_itens, liquidacao_id_liquidacao)
	VALUES (11, null, null);
INSERT INTO esquema_loja_online.estoque(
	id_estoque, itens_vistos_id_itens, liquidacao_id_liquidacao)
	VALUES (12, null, null);
INSERT INTO esquema_loja_online.estoque(
	id_estoque, itens_vistos_id_itens, liquidacao_id_liquidacao)
	VALUES (13, null, null);
INSERT INTO esquema_loja_online.estoque(
	id_estoque, itens_vistos_id_itens, liquidacao_id_liquidacao)
	VALUES (14, null, null);
INSERT INTO esquema_loja_online.estoque(
	id_estoque, itens_vistos_id_itens, liquidacao_id_liquidacao)
	VALUES (15, null, null);
INSERT INTO esquema_loja_online.estoque(
	id_estoque, itens_vistos_id_itens, liquidacao_id_liquidacao)
	VALUES (16, null, null);
INSERT INTO esquema_loja_online.estoque(
	id_estoque, itens_vistos_id_itens, liquidacao_id_liquidacao)
	VALUES (17, null, null);
INSERT INTO esquema_loja_online.estoque(
	id_estoque, itens_vistos_id_itens, liquidacao_id_liquidacao)
	VALUES (18, null, null);
INSERT INTO esquema_loja_online.estoque(
	id_estoque, itens_vistos_id_itens, liquidacao_id_liquidacao)
	VALUES (19, null, null);
INSERT INTO esquema_loja_online.estoque(
	id_estoque, itens_vistos_id_itens, liquidacao_id_liquidacao)
	VALUES (20, null, null);

INSERT INTO esquema_loja_online.estoque(
	id_estoque, itens_vistos_id_itens, liquidacao_id_liquidacao)
	VALUES (21, null, null);
INSERT INTO esquema_loja_online.estoque(
	id_estoque, itens_vistos_id_itens, liquidacao_id_liquidacao)
	VALUES (22, null, null);
INSERT INTO esquema_loja_online.estoque(
	id_estoque, itens_vistos_id_itens, liquidacao_id_liquidacao)
	VALUES (23, null, null);
INSERT INTO esquema_loja_online.estoque(
	id_estoque, itens_vistos_id_itens, liquidacao_id_liquidacao)
	VALUES (24, null, null);
INSERT INTO esquema_loja_online.estoque(
	id_estoque, itens_vistos_id_itens, liquidacao_id_liquidacao)
	VALUES (25, null, null);
INSERT INTO esquema_loja_online.estoque(
	id_estoque, itens_vistos_id_itens, liquidacao_id_liquidacao)
	VALUES (26, null, null);
INSERT INTO esquema_loja_online.estoque(
	id_estoque, itens_vistos_id_itens, liquidacao_id_liquidacao)
	VALUES (27, null, null);
INSERT INTO esquema_loja_online.estoque(
	id_estoque, itens_vistos_id_itens, liquidacao_id_liquidacao)
	VALUES (28, null, null);
INSERT INTO esquema_loja_online.estoque(
	id_estoque, itens_vistos_id_itens, liquidacao_id_liquidacao)
	VALUES (29, null, null);
INSERT INTO esquema_loja_online.estoque(
	id_estoque, itens_vistos_id_itens, liquidacao_id_liquidacao)
	VALUES (30, null, null);

INSERT INTO esquema_loja_online.estoque(
	id_estoque, itens_vistos_id_itens, liquidacao_id_liquidacao)
	VALUES (31, null, null);
INSERT INTO esquema_loja_online.estoque(
	id_estoque, itens_vistos_id_itens, liquidacao_id_liquidacao)
	VALUES (32, null, null);
INSERT INTO esquema_loja_online.estoque(
	id_estoque, itens_vistos_id_itens, liquidacao_id_liquidacao)
	VALUES (33, null, null);
INSERT INTO esquema_loja_online.estoque(
	id_estoque, itens_vistos_id_itens, liquidacao_id_liquidacao)
	VALUES (34, null, null);
INSERT INTO esquema_loja_online.estoque(
	id_estoque, itens_vistos_id_itens, liquidacao_id_liquidacao)
	VALUES (35, null, null);
INSERT INTO esquema_loja_online.estoque(
	id_estoque, itens_vistos_id_itens, liquidacao_id_liquidacao)
	VALUES (36, null, null);
INSERT INTO esquema_loja_online.estoque(
	id_estoque, itens_vistos_id_itens, liquidacao_id_liquidacao)
	VALUES (37, null, null);
INSERT INTO esquema_loja_online.estoque(
	id_estoque, itens_vistos_id_itens, liquidacao_id_liquidacao)
	VALUES (38, null, null);
INSERT INTO esquema_loja_online.estoque(
	id_estoque, itens_vistos_id_itens, liquidacao_id_liquidacao)
	VALUES (39, null, null);
INSERT INTO esquema_loja_online.estoque(
	id_estoque, itens_vistos_id_itens, liquidacao_id_liquidacao)
	VALUES (40, null, null);

INSERT INTO esquema_loja_online.estoque(
	id_estoque, itens_vistos_id_itens, liquidacao_id_liquidacao)
	VALUES (41, null, null);
INSERT INTO esquema_loja_online.estoque(
	id_estoque, itens_vistos_id_itens, liquidacao_id_liquidacao)
	VALUES (42, null, null);
INSERT INTO esquema_loja_online.estoque(
	id_estoque, itens_vistos_id_itens, liquidacao_id_liquidacao)
	VALUES (43, null, null);
INSERT INTO esquema_loja_online.estoque(
	id_estoque, itens_vistos_id_itens, liquidacao_id_liquidacao)
	VALUES (44, null, null);
INSERT INTO esquema_loja_online.estoque(
	id_estoque, itens_vistos_id_itens, liquidacao_id_liquidacao)
	VALUES (45, null, null);
INSERT INTO esquema_loja_online.estoque(
	id_estoque, itens_vistos_id_itens, liquidacao_id_liquidacao)
	VALUES (46, null, null);
INSERT INTO esquema_loja_online.estoque(
	id_estoque, itens_vistos_id_itens, liquidacao_id_liquidacao)
	VALUES (47, null, null);
INSERT INTO esquema_loja_online.estoque(
	id_estoque, itens_vistos_id_itens, liquidacao_id_liquidacao)
	VALUES (48, null, null);
INSERT INTO esquema_loja_online.estoque(
	id_estoque, itens_vistos_id_itens, liquidacao_id_liquidacao)
	VALUES (49, null, null);
INSERT INTO esquema_loja_online.estoque(
	id_estoque, itens_vistos_id_itens, liquidacao_id_liquidacao)
	VALUES (50, null, null);

INSERT INTO esquema_loja_online.estoque(
	id_estoque, itens_vistos_id_itens, liquidacao_id_liquidacao)
	VALUES (51, null, null);
INSERT INTO esquema_loja_online.estoque(
	id_estoque, itens_vistos_id_itens, liquidacao_id_liquidacao)
	VALUES (52, null, null);
INSERT INTO esquema_loja_online.estoque(
	id_estoque, itens_vistos_id_itens, liquidacao_id_liquidacao)
	VALUES (53, null, null);
INSERT INTO esquema_loja_online.estoque(
	id_estoque, itens_vistos_id_itens, liquidacao_id_liquidacao)
	VALUES (54, null, null);

INSERT INTO esquema_loja_online.estoque(
	id_estoque, itens_vistos_id_itens, liquidacao_id_liquidacao)
	VALUES (55, 1, null);
INSERT INTO esquema_loja_online.estoque(
	id_estoque, itens_vistos_id_itens, liquidacao_id_liquidacao)
	VALUES (56, 2, null);
INSERT INTO esquema_loja_online.estoque(
	id_estoque, itens_vistos_id_itens, liquidacao_id_liquidacao)
	VALUES (57, 3, null);
INSERT INTO esquema_loja_online.estoque(
	id_estoque, itens_vistos_id_itens, liquidacao_id_liquidacao)
	VALUES (58, 4, null);
INSERT INTO esquema_loja_online.estoque(
	id_estoque, itens_vistos_id_itens, liquidacao_id_liquidacao)
	VALUES (59, 5, null);
INSERT INTO esquema_loja_online.estoque(
	id_estoque, itens_vistos_id_itens, liquidacao_id_liquidacao)
	VALUES (60, 6, null);
INSERT INTO esquema_loja_online.estoque(
	id_estoque, itens_vistos_id_itens, liquidacao_id_liquidacao)
	VALUES (61, 7, null);
INSERT INTO esquema_loja_online.estoque(
	id_estoque, itens_vistos_id_itens, liquidacao_id_liquidacao)
	VALUES (62, 8, null);
INSERT INTO esquema_loja_online.estoque(
	id_estoque, itens_vistos_id_itens, liquidacao_id_liquidacao)
	VALUES (63, 9, null);
INSERT INTO esquema_loja_online.estoque(
	id_estoque, itens_vistos_id_itens, liquidacao_id_liquidacao)
	VALUES (64, 10, null);

INSERT INTO esquema_loja_online.estoque(
	id_estoque, itens_vistos_id_itens, liquidacao_id_liquidacao)
	VALUES (65, null, 1);
INSERT INTO esquema_loja_online.estoque(
	id_estoque, itens_vistos_id_itens, liquidacao_id_liquidacao)
	VALUES (66, null, 2);
INSERT INTO esquema_loja_online.estoque(
	id_estoque, itens_vistos_id_itens, liquidacao_id_liquidacao)
	VALUES (67, null, 3);
INSERT INTO esquema_loja_online.estoque(
	id_estoque, itens_vistos_id_itens, liquidacao_id_liquidacao)
	VALUES (68, null, 4);
INSERT INTO esquema_loja_online.estoque(
	id_estoque, itens_vistos_id_itens, liquidacao_id_liquidacao)
	VALUES (69, null, 5);
INSERT INTO esquema_loja_online.estoque(
	id_estoque, itens_vistos_id_itens, liquidacao_id_liquidacao)
	VALUES (70, null, 6);
INSERT INTO esquema_loja_online.estoque(
	id_estoque, itens_vistos_id_itens, liquidacao_id_liquidacao)
	VALUES (71, null, 7);
INSERT INTO esquema_loja_online.estoque(
	id_estoque, itens_vistos_id_itens, liquidacao_id_liquidacao)
	VALUES (72, null, 8);
INSERT INTO esquema_loja_online.estoque(
	id_estoque, itens_vistos_id_itens, liquidacao_id_liquidacao)
	VALUES (73, null, 9);
INSERT INTO esquema_loja_online.estoque(
	id_estoque, itens_vistos_id_itens, liquidacao_id_liquidacao)
	VALUES (74, null, 10);



/*==========================================================================*/

/*=========================   Lista de produtos do estoque    =========================*/

INSERT INTO esquema_loja_online.estoque_lista_de_produtos_do_estoque(
	estoque_id_estoque, lista_de_produtos_do_estoque_id_produto)
	VALUES (1, 1);
INSERT INTO esquema_loja_online.estoque_lista_de_produtos_do_estoque(
	estoque_id_estoque, lista_de_produtos_do_estoque_id_produto)
	VALUES (2, 2);
INSERT INTO esquema_loja_online.estoque_lista_de_produtos_do_estoque(
	estoque_id_estoque, lista_de_produtos_do_estoque_id_produto)
	VALUES (3, 3);
INSERT INTO esquema_loja_online.estoque_lista_de_produtos_do_estoque(
	estoque_id_estoque, lista_de_produtos_do_estoque_id_produto)
	VALUES (4, 4);
INSERT INTO esquema_loja_online.estoque_lista_de_produtos_do_estoque(
	estoque_id_estoque, lista_de_produtos_do_estoque_id_produto)
	VALUES (5, 5);
INSERT INTO esquema_loja_online.estoque_lista_de_produtos_do_estoque(
	estoque_id_estoque, lista_de_produtos_do_estoque_id_produto)
	VALUES (6, 6);
INSERT INTO esquema_loja_online.estoque_lista_de_produtos_do_estoque(
	estoque_id_estoque, lista_de_produtos_do_estoque_id_produto)
	VALUES (7, 7);
INSERT INTO esquema_loja_online.estoque_lista_de_produtos_do_estoque(
	estoque_id_estoque, lista_de_produtos_do_estoque_id_produto)
	VALUES (8, 8);
INSERT INTO esquema_loja_online.estoque_lista_de_produtos_do_estoque(
	estoque_id_estoque, lista_de_produtos_do_estoque_id_produto)
	VALUES (9, 9);
INSERT INTO esquema_loja_online.estoque_lista_de_produtos_do_estoque(
	estoque_id_estoque, lista_de_produtos_do_estoque_id_produto)
	VALUES (10, 10);

INSERT INTO esquema_loja_online.estoque_lista_de_produtos_do_estoque(
	estoque_id_estoque, lista_de_produtos_do_estoque_id_produto)
	VALUES (11, 11);
INSERT INTO esquema_loja_online.estoque_lista_de_produtos_do_estoque(
	estoque_id_estoque, lista_de_produtos_do_estoque_id_produto)
	VALUES (12, 12);
INSERT INTO esquema_loja_online.estoque_lista_de_produtos_do_estoque(
	estoque_id_estoque, lista_de_produtos_do_estoque_id_produto)
	VALUES (13, 13);
INSERT INTO esquema_loja_online.estoque_lista_de_produtos_do_estoque(
	estoque_id_estoque, lista_de_produtos_do_estoque_id_produto)
	VALUES (14, 14);
INSERT INTO esquema_loja_online.estoque_lista_de_produtos_do_estoque(
	estoque_id_estoque, lista_de_produtos_do_estoque_id_produto)
	VALUES (15, 15);
INSERT INTO esquema_loja_online.estoque_lista_de_produtos_do_estoque(
	estoque_id_estoque, lista_de_produtos_do_estoque_id_produto)
	VALUES (16, 16);
INSERT INTO esquema_loja_online.estoque_lista_de_produtos_do_estoque(
	estoque_id_estoque, lista_de_produtos_do_estoque_id_produto)
	VALUES (17, 17);
INSERT INTO esquema_loja_online.estoque_lista_de_produtos_do_estoque(
	estoque_id_estoque, lista_de_produtos_do_estoque_id_produto)
	VALUES (18, 18);
INSERT INTO esquema_loja_online.estoque_lista_de_produtos_do_estoque(
	estoque_id_estoque, lista_de_produtos_do_estoque_id_produto)
	VALUES (19, 19);
INSERT INTO esquema_loja_online.estoque_lista_de_produtos_do_estoque(
	estoque_id_estoque, lista_de_produtos_do_estoque_id_produto)
	VALUES (20, 20);

INSERT INTO esquema_loja_online.estoque_lista_de_produtos_do_estoque(
	estoque_id_estoque, lista_de_produtos_do_estoque_id_produto)
	VALUES (21, 21);
INSERT INTO esquema_loja_online.estoque_lista_de_produtos_do_estoque(
	estoque_id_estoque, lista_de_produtos_do_estoque_id_produto)
	VALUES (22, 22);
INSERT INTO esquema_loja_online.estoque_lista_de_produtos_do_estoque(
	estoque_id_estoque, lista_de_produtos_do_estoque_id_produto)
	VALUES (23, 23);
INSERT INTO esquema_loja_online.estoque_lista_de_produtos_do_estoque(
	estoque_id_estoque, lista_de_produtos_do_estoque_id_produto)
	VALUES (24, 24);
INSERT INTO esquema_loja_online.estoque_lista_de_produtos_do_estoque(
	estoque_id_estoque, lista_de_produtos_do_estoque_id_produto)
	VALUES (25, 25);
INSERT INTO esquema_loja_online.estoque_lista_de_produtos_do_estoque(
	estoque_id_estoque, lista_de_produtos_do_estoque_id_produto)
	VALUES (26, 26);
INSERT INTO esquema_loja_online.estoque_lista_de_produtos_do_estoque(
	estoque_id_estoque, lista_de_produtos_do_estoque_id_produto)
	VALUES (27, 27);
INSERT INTO esquema_loja_online.estoque_lista_de_produtos_do_estoque(
	estoque_id_estoque, lista_de_produtos_do_estoque_id_produto)
	VALUES (28, 28);
INSERT INTO esquema_loja_online.estoque_lista_de_produtos_do_estoque(
	estoque_id_estoque, lista_de_produtos_do_estoque_id_produto)
	VALUES (29, 29);
INSERT INTO esquema_loja_online.estoque_lista_de_produtos_do_estoque(
	estoque_id_estoque, lista_de_produtos_do_estoque_id_produto)
	VALUES (30, 30);

INSERT INTO esquema_loja_online.estoque_lista_de_produtos_do_estoque(
	estoque_id_estoque, lista_de_produtos_do_estoque_id_produto)
	VALUES (31, 31);
INSERT INTO esquema_loja_online.estoque_lista_de_produtos_do_estoque(
	estoque_id_estoque, lista_de_produtos_do_estoque_id_produto)
	VALUES (32, 32);
INSERT INTO esquema_loja_online.estoque_lista_de_produtos_do_estoque(
	estoque_id_estoque, lista_de_produtos_do_estoque_id_produto)
	VALUES (33, 33);
INSERT INTO esquema_loja_online.estoque_lista_de_produtos_do_estoque(
	estoque_id_estoque, lista_de_produtos_do_estoque_id_produto)
	VALUES (34, 34);
INSERT INTO esquema_loja_online.estoque_lista_de_produtos_do_estoque(
	estoque_id_estoque, lista_de_produtos_do_estoque_id_produto)
	VALUES (35, 35);
INSERT INTO esquema_loja_online.estoque_lista_de_produtos_do_estoque(
	estoque_id_estoque, lista_de_produtos_do_estoque_id_produto)
	VALUES (36, 36);
INSERT INTO esquema_loja_online.estoque_lista_de_produtos_do_estoque(
	estoque_id_estoque, lista_de_produtos_do_estoque_id_produto)
	VALUES (37, 37);
INSERT INTO esquema_loja_online.estoque_lista_de_produtos_do_estoque(
	estoque_id_estoque, lista_de_produtos_do_estoque_id_produto)
	VALUES (38, 38);
INSERT INTO esquema_loja_online.estoque_lista_de_produtos_do_estoque(
	estoque_id_estoque, lista_de_produtos_do_estoque_id_produto)
	VALUES (39, 39);
INSERT INTO esquema_loja_online.estoque_lista_de_produtos_do_estoque(
	estoque_id_estoque, lista_de_produtos_do_estoque_id_produto)
	VALUES (40, 40);

INSERT INTO esquema_loja_online.estoque_lista_de_produtos_do_estoque(
	estoque_id_estoque, lista_de_produtos_do_estoque_id_produto)
	VALUES (41, 41);
INSERT INTO esquema_loja_online.estoque_lista_de_produtos_do_estoque(
	estoque_id_estoque, lista_de_produtos_do_estoque_id_produto)
	VALUES (42, 42);
INSERT INTO esquema_loja_online.estoque_lista_de_produtos_do_estoque(
	estoque_id_estoque, lista_de_produtos_do_estoque_id_produto)
	VALUES (43, 43);
INSERT INTO esquema_loja_online.estoque_lista_de_produtos_do_estoque(
	estoque_id_estoque, lista_de_produtos_do_estoque_id_produto)
	VALUES (44, 44);
INSERT INTO esquema_loja_online.estoque_lista_de_produtos_do_estoque(
	estoque_id_estoque, lista_de_produtos_do_estoque_id_produto)
	VALUES (45, 45);
INSERT INTO esquema_loja_online.estoque_lista_de_produtos_do_estoque(
	estoque_id_estoque, lista_de_produtos_do_estoque_id_produto)
	VALUES (46, 46);
INSERT INTO esquema_loja_online.estoque_lista_de_produtos_do_estoque(
	estoque_id_estoque, lista_de_produtos_do_estoque_id_produto)
	VALUES (47, 47);
INSERT INTO esquema_loja_online.estoque_lista_de_produtos_do_estoque(
	estoque_id_estoque, lista_de_produtos_do_estoque_id_produto)
	VALUES (48, 48);
INSERT INTO esquema_loja_online.estoque_lista_de_produtos_do_estoque(
	estoque_id_estoque, lista_de_produtos_do_estoque_id_produto)
	VALUES (49, 49);
INSERT INTO esquema_loja_online.estoque_lista_de_produtos_do_estoque(
	estoque_id_estoque, lista_de_produtos_do_estoque_id_produto)
	VALUES (50, 50);

INSERT INTO esquema_loja_online.estoque_lista_de_produtos_do_estoque(
	estoque_id_estoque, lista_de_produtos_do_estoque_id_produto)
	VALUES (51, 51);
INSERT INTO esquema_loja_online.estoque_lista_de_produtos_do_estoque(
	estoque_id_estoque, lista_de_produtos_do_estoque_id_produto)
	VALUES (52, 52);
INSERT INTO esquema_loja_online.estoque_lista_de_produtos_do_estoque(
	estoque_id_estoque, lista_de_produtos_do_estoque_id_produto)
	VALUES (53, 53);
INSERT INTO esquema_loja_online.estoque_lista_de_produtos_do_estoque(
	estoque_id_estoque, lista_de_produtos_do_estoque_id_produto)
	VALUES (54, 54);

/*==========================================================================*/

/*=========================   Estoque da loja    =========================*/

INSERT INTO esquema_loja_online.loja(
	id_loja, nome_da_loja, estoque_id_estoque)
	VALUES (1, 'Loja online de produtos eletrônicos', 1);
INSERT INTO esquema_loja_online.loja(
	id_loja, nome_da_loja, estoque_id_estoque)
	VALUES (2, 'Loja online de produtos eletrônicos', 2);
INSERT INTO esquema_loja_online.loja(
	id_loja, nome_da_loja, estoque_id_estoque)
	VALUES (3, 'Loja online de produtos eletrônicos', 3);
INSERT INTO esquema_loja_online.loja(
	id_loja, nome_da_loja, estoque_id_estoque)
	VALUES (4, 'Loja online de produtos eletrônicos', 4);
INSERT INTO esquema_loja_online.loja(
	id_loja, nome_da_loja, estoque_id_estoque)
	VALUES (5, 'Loja online de produtos eletrônicos', 5);
INSERT INTO esquema_loja_online.loja(
	id_loja, nome_da_loja, estoque_id_estoque)
	VALUES (6, 'Loja online de produtos eletrônicos', 6);
INSERT INTO esquema_loja_online.loja(
	id_loja, nome_da_loja, estoque_id_estoque)
	VALUES (7, 'Loja online de produtos eletrônicos', 7);
INSERT INTO esquema_loja_online.loja(
	id_loja, nome_da_loja, estoque_id_estoque)
	VALUES (8, 'Loja online de produtos eletrônicos', 8);
INSERT INTO esquema_loja_online.loja(
	id_loja, nome_da_loja, estoque_id_estoque)
	VALUES (9, 'Loja online de produtos eletrônicos', 9);
INSERT INTO esquema_loja_online.loja(
	id_loja, nome_da_loja, estoque_id_estoque)
	VALUES (10, 'Loja online de produtos eletrônicos', 10);

INSERT INTO esquema_loja_online.loja(
	id_loja, nome_da_loja, estoque_id_estoque)
	VALUES (11, 'Loja online de produtos eletrônicos', 11);
INSERT INTO esquema_loja_online.loja(
	id_loja, nome_da_loja, estoque_id_estoque)
	VALUES (12, 'Loja online de produtos eletrônicos', 12);
INSERT INTO esquema_loja_online.loja(
	id_loja, nome_da_loja, estoque_id_estoque)
	VALUES (13, 'Loja online de produtos eletrônicos', 13);
INSERT INTO esquema_loja_online.loja(
	id_loja, nome_da_loja, estoque_id_estoque)
	VALUES (14, 'Loja online de produtos eletrônicos', 14);
INSERT INTO esquema_loja_online.loja(
	id_loja, nome_da_loja, estoque_id_estoque)
	VALUES (15, 'Loja online de produtos eletrônicos', 15);
INSERT INTO esquema_loja_online.loja(
	id_loja, nome_da_loja, estoque_id_estoque)
	VALUES (16, 'Loja online de produtos eletrônicos', 16);
INSERT INTO esquema_loja_online.loja(
	id_loja, nome_da_loja, estoque_id_estoque)
	VALUES (17, 'Loja online de produtos eletrônicos', 17);
INSERT INTO esquema_loja_online.loja(
	id_loja, nome_da_loja, estoque_id_estoque)
	VALUES (18, 'Loja online de produtos eletrônicos', 18);
INSERT INTO esquema_loja_online.loja(
	id_loja, nome_da_loja, estoque_id_estoque)
	VALUES (19, 'Loja online de produtos eletrônicos', 19);
INSERT INTO esquema_loja_online.loja(
	id_loja, nome_da_loja, estoque_id_estoque)
	VALUES (20, 'Loja online de produtos eletrônicos', 20);

INSERT INTO esquema_loja_online.loja(
	id_loja, nome_da_loja, estoque_id_estoque)
	VALUES (21, 'Loja online de produtos eletrônicos', 21);
INSERT INTO esquema_loja_online.loja(
	id_loja, nome_da_loja, estoque_id_estoque)
	VALUES (22, 'Loja online de produtos eletrônicos', 22);
INSERT INTO esquema_loja_online.loja(
	id_loja, nome_da_loja, estoque_id_estoque)
	VALUES (23, 'Loja online de produtos eletrônicos', 23);
INSERT INTO esquema_loja_online.loja(
	id_loja, nome_da_loja, estoque_id_estoque)
	VALUES (24, 'Loja online de produtos eletrônicos', 24);
INSERT INTO esquema_loja_online.loja(
	id_loja, nome_da_loja, estoque_id_estoque)
	VALUES (25, 'Loja online de produtos eletrônicos', 25);
INSERT INTO esquema_loja_online.loja(
	id_loja, nome_da_loja, estoque_id_estoque)
	VALUES (26, 'Loja online de produtos eletrônicos', 26);
INSERT INTO esquema_loja_online.loja(
	id_loja, nome_da_loja, estoque_id_estoque)
	VALUES (27, 'Loja online de produtos eletrônicos', 27);
INSERT INTO esquema_loja_online.loja(
	id_loja, nome_da_loja, estoque_id_estoque)
	VALUES (28, 'Loja online de produtos eletrônicos', 28);
INSERT INTO esquema_loja_online.loja(
	id_loja, nome_da_loja, estoque_id_estoque)
	VALUES (29, 'Loja online de produtos eletrônicos', 29);
INSERT INTO esquema_loja_online.loja(
	id_loja, nome_da_loja, estoque_id_estoque)
	VALUES (30, 'Loja online de produtos eletrônicos', 30);

INSERT INTO esquema_loja_online.loja(
	id_loja, nome_da_loja, estoque_id_estoque)
	VALUES (31, 'Loja online de produtos eletrônicos', 31);
INSERT INTO esquema_loja_online.loja(
	id_loja, nome_da_loja, estoque_id_estoque)
	VALUES (32, 'Loja online de produtos eletrônicos', 32);
INSERT INTO esquema_loja_online.loja(
	id_loja, nome_da_loja, estoque_id_estoque)
	VALUES (33, 'Loja online de produtos eletrônicos', 33);
INSERT INTO esquema_loja_online.loja(
	id_loja, nome_da_loja, estoque_id_estoque)
	VALUES (34, 'Loja online de produtos eletrônicos', 34);
INSERT INTO esquema_loja_online.loja(
	id_loja, nome_da_loja, estoque_id_estoque)
	VALUES (35, 'Loja online de produtos eletrônicos', 35);
INSERT INTO esquema_loja_online.loja(
	id_loja, nome_da_loja, estoque_id_estoque)
	VALUES (36, 'Loja online de produtos eletrônicos', 36);
INSERT INTO esquema_loja_online.loja(
	id_loja, nome_da_loja, estoque_id_estoque)
	VALUES (37, 'Loja online de produtos eletrônicos', 37);
INSERT INTO esquema_loja_online.loja(
	id_loja, nome_da_loja, estoque_id_estoque)
	VALUES (38, 'Loja online de produtos eletrônicos', 38);
INSERT INTO esquema_loja_online.loja(
	id_loja, nome_da_loja, estoque_id_estoque)
	VALUES (39, 'Loja online de produtos eletrônicos', 39);
INSERT INTO esquema_loja_online.loja(
	id_loja, nome_da_loja, estoque_id_estoque)
	VALUES (40, 'Loja online de produtos eletrônicos', 40);

INSERT INTO esquema_loja_online.loja(
	id_loja, nome_da_loja, estoque_id_estoque)
	VALUES (41, 'Loja online de produtos eletrônicos', 41);
INSERT INTO esquema_loja_online.loja(
	id_loja, nome_da_loja, estoque_id_estoque)
	VALUES (42, 'Loja online de produtos eletrônicos', 42);
INSERT INTO esquema_loja_online.loja(
	id_loja, nome_da_loja, estoque_id_estoque)
	VALUES (43, 'Loja online de produtos eletrônicos', 43);
INSERT INTO esquema_loja_online.loja(
	id_loja, nome_da_loja, estoque_id_estoque)
	VALUES (44, 'Loja online de produtos eletrônicos', 44);
INSERT INTO esquema_loja_online.loja(
	id_loja, nome_da_loja, estoque_id_estoque)
	VALUES (45, 'Loja online de produtos eletrônicos', 45);
INSERT INTO esquema_loja_online.loja(
	id_loja, nome_da_loja, estoque_id_estoque)
	VALUES (46, 'Loja online de produtos eletrônicos', 46);
INSERT INTO esquema_loja_online.loja(
	id_loja, nome_da_loja, estoque_id_estoque)
	VALUES (47, 'Loja online de produtos eletrônicos', 47);
INSERT INTO esquema_loja_online.loja(
	id_loja, nome_da_loja, estoque_id_estoque)
	VALUES (48, 'Loja online de produtos eletrônicos', 48);
INSERT INTO esquema_loja_online.loja(
	id_loja, nome_da_loja, estoque_id_estoque)
	VALUES (49, 'Loja online de produtos eletrônicos', 49);
INSERT INTO esquema_loja_online.loja(
	id_loja, nome_da_loja, estoque_id_estoque)
	VALUES (50, 'Loja online de produtos eletrônicos', 50);

INSERT INTO esquema_loja_online.loja(
	id_loja, nome_da_loja, estoque_id_estoque)
	VALUES (51, 'Loja online de produtos eletrônicos', 51);
INSERT INTO esquema_loja_online.loja(
	id_loja, nome_da_loja, estoque_id_estoque)
	VALUES (52, 'Loja online de produtos eletrônicos', 52);
INSERT INTO esquema_loja_online.loja(
	id_loja, nome_da_loja, estoque_id_estoque)
	VALUES (53, 'Loja online de produtos eletrônicos', 53);
INSERT INTO esquema_loja_online.loja(
	id_loja, nome_da_loja, estoque_id_estoque)
	VALUES (54, 'Loja online de produtos eletrônicos', 54);
INSERT INTO esquema_loja_online.loja(
	id_loja, nome_da_loja, estoque_id_estoque)
	VALUES (55, 'Loja online de produtos eletrônicos', 55);
INSERT INTO esquema_loja_online.loja(
	id_loja, nome_da_loja, estoque_id_estoque)
	VALUES (56, 'Loja online de produtos eletrônicos', 56);
INSERT INTO esquema_loja_online.loja(
	id_loja, nome_da_loja, estoque_id_estoque)
	VALUES (57, 'Loja online de produtos eletrônicos', 57);
INSERT INTO esquema_loja_online.loja(
	id_loja, nome_da_loja, estoque_id_estoque)
	VALUES (58, 'Loja online de produtos eletrônicos', 58);
INSERT INTO esquema_loja_online.loja(
	id_loja, nome_da_loja, estoque_id_estoque)
	VALUES (59, 'Loja online de produtos eletrônicos', 59);
INSERT INTO esquema_loja_online.loja(
	id_loja, nome_da_loja, estoque_id_estoque)
	VALUES (60, 'Loja online de produtos eletrônicos', 60);

INSERT INTO esquema_loja_online.loja(
	id_loja, nome_da_loja, estoque_id_estoque)
	VALUES (61, 'Loja online de produtos eletrônicos', 61);
INSERT INTO esquema_loja_online.loja(
	id_loja, nome_da_loja, estoque_id_estoque)
	VALUES (62, 'Loja online de produtos eletrônicos', 62);
INSERT INTO esquema_loja_online.loja(
	id_loja, nome_da_loja, estoque_id_estoque)
	VALUES (63, 'Loja online de produtos eletrônicos', 63);
INSERT INTO esquema_loja_online.loja(
	id_loja, nome_da_loja, estoque_id_estoque)
	VALUES (64, 'Loja online de produtos eletrônicos', 64);
INSERT INTO esquema_loja_online.loja(
	id_loja, nome_da_loja, estoque_id_estoque)
	VALUES (65, 'Loja online de produtos eletrônicos', 65);
INSERT INTO esquema_loja_online.loja(
	id_loja, nome_da_loja, estoque_id_estoque)
	VALUES (66, 'Loja online de produtos eletrônicos', 66);
INSERT INTO esquema_loja_online.loja(
	id_loja, nome_da_loja, estoque_id_estoque)
	VALUES (67, 'Loja online de produtos eletrônicos', 67);
INSERT INTO esquema_loja_online.loja(
	id_loja, nome_da_loja, estoque_id_estoque)
	VALUES (68, 'Loja online de produtos eletrônicos', 68);
INSERT INTO esquema_loja_online.loja(
	id_loja, nome_da_loja, estoque_id_estoque)
	VALUES (69, 'Loja online de produtos eletrônicos', 69);
INSERT INTO esquema_loja_online.loja(
	id_loja, nome_da_loja, estoque_id_estoque)
	VALUES (70, 'Loja online de produtos eletrônicos', 70);

INSERT INTO esquema_loja_online.loja(
	id_loja, nome_da_loja, estoque_id_estoque)
	VALUES (71, 'Loja online de produtos eletrônicos', 71);
INSERT INTO esquema_loja_online.loja(
	id_loja, nome_da_loja, estoque_id_estoque)
	VALUES (72, 'Loja online de produtos eletrônicos', 72);
INSERT INTO esquema_loja_online.loja(
	id_loja, nome_da_loja, estoque_id_estoque)
	VALUES (73, 'Loja online de produtos eletrônicos', 73);
INSERT INTO esquema_loja_online.loja(
	id_loja, nome_da_loja, estoque_id_estoque)
	VALUES (74, 'Loja online de produtos eletrônicos', 74);